tpr	fpr	precision	recall
0.717391304347826	0.23423423423423423	0.717391304347826	0.717391304347826
