tpr	fpr	precision	recall
0.1276391554702495	0.08302583025830258	0.5964125560538116	0.1276391554702495
